Date,Adj Close,Close,High,Low,Open,Volume,Stock,Daily_Return,Price_Range,SMA_10,SMA_20,Volatility,Predicted_Close,Signal,Strategy_Return,Cumulative_Market,Cumulative_Strategy
2025-01-06,243.2348480224609,245.0,247.3300018310547,243.1999969482422,244.3099975585937,45045600,AAPL,,4.1300048828125,251.74000091552733,249.9850006103516,0.0133739716988116,246.37345992975017,BUY,,1.0,1.0
2025-01-07,240.46495056152344,242.2100067138672,245.5500030517578,241.3500061035156,242.97999572753903,40856000,AAPL,-0.011387727698501271,4.199996948242216,250.51200103759768,249.9535011291504,0.0114611430914075,243.61864898928687,BUY,-0.011387727698501271,0.9886122723014987,0.9886122723014987
2025-01-08,240.951400756836,242.6999969482422,243.7100067138672,240.0500030517578,241.9199981689453,37628900,AAPL,0.0020229974847978394,3.660003662109375,249.25500030517577,249.7510009765625,0.0113854368773216,242.52880417784706,HOLD,0.0,0.990612232441805,0.9886122723014987
2025-01-10,235.14356994628903,236.8500061035156,240.1600036621093,233.0,240.009994506836,61710900,AAPL,-0.02410379447171629,7.160003662109347,247.11999969482423,249.2050010681152,0.0112300920615251,235.35756780807057,HOLD,0.0,0.9667347187898596,0.9886122723014987
2025-01-13,232.71121215820312,234.3999938964844,234.6699981689453,229.72000122070312,233.52999877929688,49630700,AAPL,-0.010344150913639494,4.949996948242188,244.65800018310543,248.60050048828128,0.0104501636567152,232.18419548482436,HOLD,0.0,0.9567346689652425,0.9886122723014987
2025-01-14,231.59927368164065,233.27999877929688,236.1199951171875,232.47000122070312,234.75,39435300,AAPL,-0.004778136289893209,3.649993896484375,242.4270004272461,247.86650009155272,0.0104910208220765,234.467898557748,BUY,-0.004778136289893209,0.9521632603236607,0.9838885481265811
2025-01-15,236.1562042236328,237.8699951171875,238.9600067138672,234.42999267578125,234.63999938964844,39832000,AAPL,0.019675910330543056,4.5300140380859375,240.99400024414064,247.35349960327147,0.013698911629735,238.44159279894328,BUY,0.019675910330543056,0.9708979392538266,1.003247450974768
2025-01-16,226.61544799804688,228.259994506836,238.009994506836,228.02999877929688,237.3500061035156,71759100,AAPL,-0.04040022200201043,9.979995727539093,238.7779998779297,246.21449966430663,0.0175652334763048,230.49448125375991,BUY,-0.04040022200201043,0.9316734469666775,0.9627160312324363
2025-01-17,228.32305908203125,229.97999572753903,232.2899932861328,228.47999572753903,232.1199951171875,68488300,AAPL,0.007535272330217779,3.8099975585937775,237.39099884033203,245.03949966430665,0.0171421360133052,230.60457920667574,BUY,0.007535272330217779,0.9386938601124042,0.9699703587044392
2025-01-21,221.03594970703125,222.63999938964844,224.4199981689453,219.3800048828125,224.0,98070400,AAPL,-0.031915803436166734,5.0399932861328125,235.31899871826167,243.7689994812012,0.0189402091828303,220.50798101101498,HOLD,0.0,0.9087346913863201,0.9699703587044392
2025-01-22,222.2173614501953,223.8300018310547,224.1199951171875,219.7899932861328,219.7899932861328,64126500,AAPL,0.00534496247156202,4.330001831054688,233.2019989013672,242.47099990844723,0.018818726427945,223.330351889082,HOLD,0.0,0.9135918442083865,0.9699703587044392
2025-01-23,222.0485992431641,223.6600036621093,227.02999877929688,222.3000030517578,224.7400054931641,60234800,AAPL,-0.000759496794686676,4.729995727539063,231.3469985961914,240.9294998168945,0.0189581499765247,224.92987627593885,BUY,-0.000759496794686676,0.9128979741310583,0.969233669326062
2025-01-24,221.1749267578125,222.77999877929688,225.6300048828125,221.4100036621093,224.77999877929688,54697900,AAPL,-0.003934565270515944,4.220001220703153,229.3549987792969,239.30499954223632,0.0187080933059881,223.27114082201038,BUY,-0.003934565270515944,0.9093061174665179,0.965420156191717
2025-01-27,228.2039031982422,229.8600006103516,232.1499938964844,223.97999572753903,224.0200042724609,94863400,AAPL,0.031780240011890504,8.16999816894537,228.65599822998047,237.88799896240235,0.0216073508131189,230.59047183022972,BUY,0.031780240011890504,0.9382040841238841,0.9961014404678066
2025-01-28,236.5434112548828,238.259994506836,240.19000244140625,230.8099975585937,230.8500061035156,75707600,AAPL,0.036543956643956044,9.380004882812528,229.04199829101563,236.84999923706056,0.024655782729741,238.11401357704707,HOLD,0.0,0.9724897734972898,0.9961014404678066
2025-01-29,237.635482788086,239.3600006103516,239.8600006103516,234.009994506836,234.1199951171875,45486100,AAPL,0.00461683089430287,5.850006103515625,229.6499984741211,236.0384994506836,0.0245514259237412,237.51563057086577,HOLD,0.0,0.9769795943279657,0.9961014404678066
2025-01-30,235.8782196044922,237.58999633789065,240.7899932861328,237.2100067138672,238.6699981689453,55658300,AAPL,-0.0073947370820001135,3.579986572265625,229.62199859619145,235.30799942016603,0.0239755525849478,238.15246792195092,BUY,-0.0073947370820001135,0.9697550870934313,0.9887355322085456
2025-01-31,234.2996826171875,236.0,247.19000244140625,233.44000244140625,247.19000244140625,100959800,AAPL,-0.006692185539787787,13.75,230.3959991455078,234.5869995117188,0.0196154113613631,237.90547928250157,BUY,-0.006692185539787787,0.963265306122449,0.9821187305772252
2025-02-03,226.36724853515625,228.009994506836,231.8300018310547,225.6999969482422,229.9900054931641,73063300,AAPL,-0.03385595547950848,6.1300048828125,230.1989990234375,233.7949989318848,0.0227834499074308,227.00785130480415,HOLD,0.0,0.9306530388034122,0.9821187305772252
2025-02-04,231.1227569580078,232.8000030517578,233.1300048828125,226.6499938964844,227.25,45067300,AAPL,0.02100788851507218,6.480010986328097,231.21499938964843,233.2669990539551,0.0207651508496566,231.80961592756796,HOLD,0.0,0.9502040940888075,0.9821187305772252
2025-02-05,230.7951202392578,232.47000122070312,232.6699981689453,228.2700042724609,228.52999877929688,39620300,AAPL,-0.0014175336199687694,4.399993896484403,232.0789993286133,232.64049911499023,0.0208505116466875,231.14339059171516,HOLD,0.0,0.9488571478396046,0.9821187305772252
2025-02-06,231.53973388671875,233.22000122070312,233.8000030517578,230.42999267578125,231.2899932861328,29925300,AAPL,0.00322622272147699,3.3700103759765625,233.03499908447264,232.19099884033204,0.0207876458866632,232.69068334829137,HOLD,0.0,0.9519183723294006,0.9821187305772252
2025-02-07,225.989974975586,227.6300048828125,234.0,227.259994506836,232.6000061035156,39707200,AAPL,-0.023968769010513147,6.740005493164034,233.5199996948242,231.4374992370605,0.0225680230167333,229.4543319373563,BUY,-0.023968769010513147,0.9291020607461735,0.9585785535831213
2025-02-10,226.2583465576172,227.6499938964844,230.58999633789065,227.1999969482422,229.57000732421875,33115600,AAPL,8.781361526666309e-05,3.389999389648466,233.2989990234375,230.97749862670892,0.0200681375069589,229.16217594726302,BUY,8.781361526666309e-05,0.9291836485570794,0.9586627298314285
2025-02-11,231.19793701171875,232.6199951171875,235.22999572753903,228.1300048828125,228.1999969482422,53718400,AAPL,0.021831765227118938,7.099990844726534,232.73499908447263,230.8884986877441,0.0173877475579602,233.9186487329975,BUY,0.021831765227118938,0.9494693678252553,0.9795920294810972
2025-02-12,235.4219665527344,236.8699951171875,236.9600067138672,230.67999267578125,231.1999969482422,45243300,AAPL,0.018270140526221557,6.2800140380859375,232.48599853515623,231.06799850463867,0.0184885717870312,235.5125893324395,HOLD,0.0,0.9668163066007655,0.9795920294810972
2025-02-13,240.0534820556641,241.52999877929688,242.33999633789065,235.57000732421875,236.9100036621093,53614100,AAPL,0.01967325435120615,6.769989013671903,232.87999877929687,231.25099868774413,0.0193899823876425,240.2830616185848,HOLD,0.0,0.985836729711416,0.9795920294810972
2025-02-14,243.104736328125,244.6000061035156,245.5500030517578,240.9900054931641,241.25,40896200,AAPL,0.012710666748373622,4.559997558593722,233.73999938964843,232.06799926757813,0.0194147423305319,244.01569334248003,HOLD,0.0,0.9983673718510843,0.9795920294810972
2025-02-18,242.9755096435547,244.47000122070312,245.17999267578125,241.83999633789065,244.1499938964844,48822500,AAPL,-0.0005314999164695022,3.3399963378905966,235.3860000610352,232.7924995422364,0.0144722911121818,242.98896992099765,HOLD,0.0,0.9978367396763396,0.9795920294810972
2025-02-19,243.3730926513672,244.8699951171875,246.009994506836,243.1600036621093,244.6600036621093,32204200,AAPL,0.001636167605379324,2.84999084472662,236.5929992675781,233.90399932861328,0.0136768103001228,244.35057959015418,HOLD,0.0,0.9994693678252553,0.9795920294810972
2025-02-20,244.3271942138672,245.8300018310547,246.77999877929688,244.2899932861328,244.94000244140625,32316900,AAPL,0.003920475080696484,2.4900054931640625,237.9289993286133,235.00399932861328,0.0134948821548082,245.59296648820242,HOLD,0.0,1.0033877625757337,0.9795920294810972
2025-02-21,244.0489044189453,245.5500030517578,248.69000244140625,245.22000122070312,245.9499969482422,53197400,AAPL,-0.001138993520771736,3.470001220703125,239.1619995117188,236.0984992980957,0.0136529517974745,246.85191240921748,BUY,-0.001138993520771736,1.0022449104153384,0.9784762805065187
2025-02-24,245.58946228027344,247.1000061035156,248.8600006103516,244.4199981689453,244.92999267578125,51326400,AAPL,0.006312372357947238,4.440002441406278,241.10899963378907,237.31449966430665,0.0090269943071269,247.26383058034713,BUY,0.006312372357947238,1.0085714534837376,0.984652787132495
2025-02-25,245.52978515625,247.0399932861328,250.0,244.9100036621093,248.0,48013300,AAPL,-0.00024286853865007618,5.089996337890653,243.0479995727539,238.1734992980957,0.0090608696552405,247.31093970559112,BUY,-0.00024286853865007618,1.0083265032087059,0.9844136459490065
2025-02-26,238.890625,240.3600006103516,244.97999572753903,239.1300048828125,244.3300018310547,44433600,AAPL,-0.02704012652738441,5.849990844726534,243.8220001220703,238.27849960327148,0.0131673195452411,240.6224053376982,BUY,-0.02704012652738441,0.9810612269810274,0.9577949764072615
2025-02-27,235.84933471679688,237.3000030517578,242.4600067138672,237.0599975585937,239.4100036621093,41153600,AAPL,-0.012730893454915404,5.400009155273466,243.86500091552733,238.1754997253418,0.0129130180966416,239.80547425945892,BUY,-0.012730893454915404,0.9685714410275833,0.9456013906109675
2025-02-28,240.36160278320312,241.83999633789065,242.08999633789065,230.1999969482422,236.9499969482422,56833400,AAPL,0.019131872009047646,11.889999389648466,243.8960006713868,238.38799972534176,0.0128233932135038,237.79390389886058,HOLD,0.0,0.9871020258689419,0.9456013906109675
2025-03-03,236.57489013671875,238.02999877929688,244.02999877929688,236.1100006103516,241.7899932861328,47184000,AAPL,-0.01575420780800285,7.919998168945284,243.23899993896484,238.48949966430663,0.0128974780744841,239.44703172885903,BUY,-0.01575420780800285,0.971551015425702,0.9307041897997458
2025-03-04,234.4877166748047,235.92999267578125,240.07000732421875,234.67999267578125,237.7100067138672,53798100,AAPL,-0.00882244302938795,5.3900146484375,242.38499908447267,238.8854995727539,0.0130125785443908,237.40011033657316,BUY,-0.00882244302938795,0.9629795619419648,0.9224931051080248
2025-03-05,234.29888916015625,235.7400054931641,236.5500030517578,229.22999572753903,235.4199981689453,47227600,AAPL,-0.0008052693108766551,7.320007324218778,241.4720001220703,239.03249969482425,0.0129287044834342,233.00487838060369,HOLD,0.0,0.9622041040537315,0.9224931051080248
2025-03-06,233.8914031982422,235.3300018310547,237.8600006103516,233.1600036621093,234.44000244140625,45170400,AAPL,-0.0017392197020258404,4.699996948242244,240.4220001220703,239.1754997253418,0.01267867797926,236.17902971193925,BUY,-0.0017392197020258404,0.9605306197185911,0.920888686924638
2025-03-07,237.6085357666016,239.07000732421875,241.3699951171875,234.759994506836,235.1100006103516,46273600,AAPL,0.015892599600832114,6.610000610351534,239.7740005493164,239.4680000305176,0.0142005541596915,239.90545697775,BUY,0.015892599600832114,0.9757959482621178,0.9355240021028673
2025-03-10,226.08938598632807,227.47999572753903,236.1600036621093,224.22000122070312,235.5399932861328,72071200,AAPL,-0.04847957184759577,11.940002441406222,237.8119995117188,239.46049957275392,0.0198393610914493,227.31613471937789,HOLD,0.0,0.9284897784797516,0.9355240021028673
2025-03-11,219.489974975586,220.83999633789065,225.83999633789065,217.4499969482422,223.8099975585937,76137400,AAPL,-0.029189377151217055,8.389999389648466,235.1919998168945,239.11999969482423,0.0206666999557312,220.6477419100608,HOLD,0.0,0.9013877401546562,0.9355240021028673
2025-03-12,215.653549194336,216.97999572753903,221.75,214.9100036621093,220.13999938964844,62547500,AAPL,-0.017478720677235104,6.839996337890653,232.85399932861327,238.3379997253418,0.0200518007449644,217.97883266702036,BUY,-0.017478720677235104,0.8856326356226087,0.9191722393832622
2025-03-13,208.398178100586,209.67999267578125,216.83999633789065,208.4199981689453,215.9499969482422,61368300,AAPL,-0.03364366852013567,8.419998168945341,230.0919982910156,236.97849960327147,0.021412890406712,211.3441083267281,BUY,-0.03364366852013567,0.8558367047991076,0.8882479132485409
2025-03-14,212.1849060058593,213.4900054931641,213.9499969482422,209.5800018310547,211.25,60107600,AAPL,0.018170607356297053,4.3699951171875,227.25699920654296,235.57649993896484,0.0212587651172033,213.58983659768873,BUY,0.018170607356297053,0.8713877775231192,0.9043879173152304
2025-03-17,212.6917724609375,214.0,215.22000122070312,209.97000122070312,213.3099975585937,48073400,AAPL,0.002388844881322738,5.25,224.85399932861327,234.04649963378907,0.021690125449159,213.22891690486603,HOLD,0.0,0.8734693877551025,0.9043879173152304
2025-03-18,211.3897857666016,212.69000244140625,215.1499938964844,211.4900054931641,214.1600036621093,42432400,AAPL,-0.006121483918662407,3.659988403320313,222.53000030517572,232.4574996948242,0.0217283293713669,213.2873311539253,BUY,-0.006121483918662407,0.8681224589445158,0.8988517212231526
2025-03-19,213.9242248535156,215.2400054931641,218.759994506836,213.75,214.22000122070312,54385400,AAPL,0.011989294383784488,5.009994506835966,220.4800003051758,230.97600021362305,0.0226918266129124,217.52307023927668,BUY,0.011989294383784488,0.8785306346659765,0.9096283191162684
2025-03-20,212.79116821289065,214.1000061035156,217.4900054931641,212.22000122070312,213.9900054931641,48862900,AAPL,-0.005296410335227875,5.270004272460966,218.35700073242188,229.3895004272461,0.0225961555727171,214.98937069901,BUY,-0.005296410335227875,0.8738775759327173,0.904810554285685
2025-03-21,216.93569946289065,218.2700042724609,218.83999633789065,211.27999877929688,211.5599975585937,94127800,AAPL,0.019476870855058115,7.559997558593778,216.2770004272461,228.02550048828124,0.0230616311833248,216.84040103441777,HOLD,0.0,0.8908979766222901,0.904810554285685
2025-03-24,219.38064575195312,220.72999572753903,221.47999572753903,218.5800018310547,221.0,44299500,AAPL,0.011270405492856295,2.8999938964843466,215.60200042724608,226.7069999694824,0.0190324006456958,219.92346370287825,HOLD,0.0,0.9009387580715885,0.904810554285685
2025-03-25,222.3821716308593,223.75,224.1000061035156,220.0800018310547,220.7700042724609,34493600,AAPL,0.013681893403326706,4.020004272460909,215.89300079345705,225.5425003051758,0.0171764295479352,222.68705066950392,HOLD,0.0,0.9132653061224495,0.904810554285685
2025-03-26,220.17575073242188,221.52999877929688,225.0200042724609,220.47000122070312,223.509994506836,34466100,AAPL,-0.009921793165153625,4.550003051757784,216.3480010986328,224.60100021362305,0.0164001095755386,221.7399330363429,BUY,-0.009921793165153625,0.9042040766501919,0.8958332111124144
2025-03-27,222.4815826416016,223.8500061035156,224.9900054931641,220.5599975585937,221.38999938964844,37094800,AAPL,0.010472655337889769,4.430007934570369,217.76500244140624,223.92850036621093,0.0105922591852434,223.395300982341,HOLD,0.0,0.9136734943000642,0.8958332111124144
2025-03-28,216.56793212890625,217.8999938964844,223.8099975585937,217.67999267578125,221.6699981689453,39818600,AAPL,-0.026580353115021604,6.130004882812472,218.20600128173828,222.73150024414065,0.0140536593078451,219.26963789926836,BUY,-0.026580353115021604,0.8893877301897328,0.8720216480288827
2025-03-31,220.7721099853516,222.1300048828125,225.6199951171875,216.22999572753903,217.009994506836,65299300,AAPL,0.019412625538381745,9.389999389648466,219.0190017700196,221.9365005493164,0.0150812070969728,222.96315250508897,BUY,0.019412625538381745,0.9066530811543374,0.8889498777434299
2025-04-01,221.8256072998047,223.19000244140625,223.67999267578125,218.8999938964844,219.8099975585937,36412700,AAPL,0.0047719692760685994,4.779998779296847,220.06900177001955,221.29950103759765,0.0146696642506385,221.99360141224287,HOLD,0.0,0.9109796018016588,0.8889498777434299
2025-04-02,222.52130126953125,223.88999938964844,225.19000244140625,221.0200042724609,221.32000732421875,35905900,AAPL,0.003136327526256366,4.169998168945341,220.934001159668,220.70700073242188,0.0144618160842483,223.7612473471807,HOLD,0.0,0.9138367322026474,0.8889498777434299
2025-04-03,201.94786071777344,203.19000244140625,207.4900054931641,201.25,205.5399932861328,103419000,AAPL,-0.09245610346452682,6.240005493164091,219.84300079345704,219.10000076293943,0.0339073361910134,200.70464189948706,HOLD,0.0,0.8293469487404344,0.8889498777434299
2025-04-04,187.2283935546875,188.3800048828125,199.8800048828125,187.33999633789065,193.88999938964844,125910900,AAPL,-0.07288743235713335,12.540008544921848,216.8540008544922,216.56550064086915,0.0388217313904075,191.7061395886786,BUY,-0.07288743235713335,0.768897979113521,0.8241566036605237
2025-04-07,180.3507080078125,181.4600067138672,194.1499938964844,174.6199951171875,177.1999969482422,160466300,AAPL,-0.036734249865053914,19.529998779296903,212.927001953125,214.2645011901856,0.0383269446675957,186.55000259686167,BUY,-0.036734249865053914,0.7406530886280299,0.7938818290537238
2025-04-08,171.365966796875,172.4199981689453,190.33999633789065,169.2100067138672,186.6999969482422,120859500,AAPL,-0.049818186985832624,21.129989624023462,207.79400177001952,211.84350128173827,0.0376176584613245,177.77868044708697,BUY,-0.049818186985832624,0.7037550945671243,0.7543320756492706
2025-04-09,197.63438415527344,198.8500061035156,200.6100006103516,171.88999938964844,171.9499969482422,184395900,AAPL,0.15328852926139636,28.72000122070316,205.5260025024414,210.9370018005371,0.068028763474193,198.72456289225707,HOLD,0.0,0.8116326779735337,0.7543320756492706
2025-04-10,189.2559356689453,190.4199981689453,194.77999877929688,183.0,189.07000732421875,121880000,AAPL,-0.04239380274487825,11.779998779296877,202.1830017089844,209.9740020751953,0.0684229015748518,187.62860151416638,HOLD,0.0,0.7772244823222264,0.7543320756492706
2025-04-11,196.93865966796875,198.1499938964844,199.5399932861328,186.0599975585937,186.1000061035156,87435900,AAPL,0.04059445332354672,13.479995727539093,200.2080017089844,209.2070014953613,0.0703244756752242,196.97881153641168,HOLD,0.0,0.8087754852917738,0.7543320756492706
2025-04-14,201.28195190429688,202.5200042724609,212.94000244140625,201.1600036621093,211.44000244140625,101352900,AAPL,0.02205405253890369,11.779998779296903,198.2470016479492,208.6330017089844,0.0704408582498088,206.41315845806307,BUY,0.02205405253890369,0.8266122623365759,0.7709681548774199
2025-04-15,200.9042816162109,202.13999938964844,203.509994506836,199.8000030517578,201.8600006103516,51343900,AAPL,-0.0018763819612666044,3.7099914550781534,196.14200134277343,208.1055015563965,0.0703482541670704,200.98028213162135,HOLD,0.0,0.8250612219985658,0.7709681548774199
2025-04-16,193.0823974609375,194.2700042724609,200.6999969482422,192.3699951171875,198.3600006103516,59732400,AAPL,-0.03893338844835548,8.330001831054688,193.18000183105468,207.05700149536133,0.0708834908448039,193.95997121772564,HOLD,0.0,0.7929387929488207,0.7709681548774199
2025-04-17,195.77584838867188,196.97999572753903,198.8300018310547,194.4199981689453,197.1999969482422,52164700,AAPL,0.013949613401343264,4.410003662109375,192.559001159668,206.2010009765625,0.0652093900294534,196.6802227120415,HOLD,0.0,0.8039999825613846,0.7709681548774199
2025-04-21,191.97918701171875,193.1600036621093,193.8000030517578,189.8099975585937,193.2700042724609,46742500,AAPL,-0.019392791899099815,3.990005493164091,193.0370010375977,204.9455009460449,0.0607217697355168,190.42791240104097,HOLD,0.0,0.7884081782126918,0.7709681548774199
2025-04-22,198.5189666748047,199.7400054931641,201.58999633789065,195.97000122070312,196.1199951171875,52976400,AAPL,0.034065032648089355,5.619995117187528,194.86500091552733,203.89600143432617,0.0595512154103717,200.76019228667516,BUY,0.034065032648089355,0.8152653285435278,0.7972312102439564
2025-04-23,203.3492431640625,204.6000061035156,208.0,202.8000030517578,206.0,52929200,AAPL,0.024331633507028494,5.199996948242188,198.0830017089844,202.938501739502,0.0556011498058691,205.95360844140146,BUY,0.024331633507028494,0.8351020657286361,0.8166291478719772
2025-04-24,207.09619140625,208.3699951171875,208.8300018310547,202.94000244140625,204.88999938964844,47311000,AAPL,0.01842614321215863,5.8899993896484375,199.0350006103516,202.28050155639647,0.0295431717774522,206.72346668419263,HOLD,0.0,0.8504897759885215,0.8166291478719772
2025-04-25,208.00064086914065,209.27999877929688,209.75,206.1999969482422,206.3699951171875,38222300,AAPL,0.0043672490446504675,3.5500030517578125,200.9210006713867,201.5520011901856,0.0244564186864972,208.29802355270584,HOLD,0.0,0.8542040766501924,0.8166291478719772
2025-04-28,208.8553771972656,210.13999938964844,211.5,207.4600067138672,210.0,38743100,AAPL,0.0041093301575299,4.0399932861328125,202.1200012207032,201.1640014648437,0.0219367598801762,209.2755273273974,HOLD,0.0,0.857714283223056,0.8166291478719772
2025-04-29,209.91883850097656,211.2100067138672,212.2400054931641,208.3699951171875,208.69000244140625,36827600,AAPL,0.005091878401668248,3.870010375976591,202.9890014648437,200.61800155639648,0.0212107069430193,210.72799787993597,HOLD,0.0,0.8620816600566018,0.8166291478719772
2025-04-30,211.20095825195312,212.5,213.5800018310547,206.6699981689453,209.3000030517578,52286500,AAPL,0.006107633374967891,6.910003662109375,204.0250015258789,200.08350143432617,0.0210975894505774,210.56572107762324,HOLD,0.0,0.8673469387755113,0.8166291478719772
2025-05-01,212.0159606933593,213.32000732421875,214.5599975585937,208.8999938964844,209.0800018310547,57365700,AAPL,0.0038588579963234615,5.660003662109318,205.93000183105468,199.55500183105468,0.014437037984097,212.55011486743376,HOLD,0.0,0.8706939074457918,0.8166291478719772
2025-05-02,204.0946655273437,205.3500061035156,206.9900054931641,202.1600036621093,206.08999633789065,101010600,AAPL,-0.03736171454649251,4.830001831054744,206.7670028686524,199.66300201416016,0.0205153383829597,202.71110222629372,HOLD,0.0,0.8381632902184319,0.8166291478719772
2025-05-05,197.6741638183593,198.88999938964844,204.1000061035156,198.2100067138672,203.1000061035156,69018500,AAPL,-0.03145851727226501,5.889999389648409,207.34000244140623,200.188501739502,0.0223411247894211,199.82035260305244,BUY,-0.03145851727226501,0.8117959158761169,0.7909392057186115
2025-05-06,197.2964782714844,198.509994506836,200.6499938964844,197.0200042724609,198.2100067138672,51216500,AAPL,-0.0019106284075549596,3.6299896240234943,207.21700134277344,201.0410011291504,0.019530172148685,199.62078906468716,BUY,-0.0019106284075549596,0.8102448755381069,0.7894280148035167
2025-05-07,195.05029296875,196.25,199.44000244140625,193.25,199.1699981689453,68536700,AAPL,-0.011384789528862571,6.19000244140625,206.3820007324219,202.2325012207031,0.0176734720080589,195.90853767672,HOLD,0.0,0.801020408163266,0.7894280148035167
2025-05-08,196.28271484375,197.4900054931641,200.0500030517578,194.67999267578125,197.72000122070312,50478900,AAPL,0.006318499328224592,5.3700103759765625,205.29400177001952,202.16450119018555,0.0163288098319464,198.2719854100555,BUY,0.006318499328224592,0.8060816550741399,0.7944160151847344
2025-05-09,197.3163452148437,198.52999877929688,200.5399932861328,197.5399932861328,199.0,36453900,AAPL,0.0052660552797887394,3.0,204.2190017700196,202.57000122070312,0.0163898433386288,199.75904391902006,BUY,0.0052660552797887394,0.8103265256297839,0.7985994538358466
2025-05-12,209.776107788086,210.7899932861328,211.2700042724609,206.75,210.97000122070312,63775800,AAPL,0.06175386381009962,4.520004272460909,204.284001159668,203.2020011901856,0.0268207431124353,211.21303389760297,BUY,0.06175386381009962,0.8603673195352368,0.8479160557468455
2025-05-13,211.9058380126953,212.92999267578125,213.3999938964844,209.0,210.42999267578125,51909300,AAPL,0.010152281691776288,4.399993896484403,204.45599975585932,203.7225006103516,0.0269616892006125,211.6086413486182,HOLD,0.0,0.869102010921557,0.8479160557468455
2025-05-14,211.3087158203125,212.3300018310547,213.94000244140625,210.5800018310547,212.42999267578125,49325800,AAPL,-0.0028177845553216674,3.3600006103515625,204.43899993896488,204.23200073242188,0.0269264640100562,211.71504202590847,HOLD,0.0,0.8666530686981833,0.8479160557468455
2025-05-15,210.43296813964844,211.4499969482422,212.9600067138672,209.5399932861328,210.9499969482422,45029500,AAPL,-0.004144515024837148,3.420013427734375,204.2519989013672,205.0910003662109,0.0269259445858201,210.8078311714782,HOLD,0.0,0.8630612120336424,0.8479160557468455
2025-05-16,210.243881225586,211.259994506836,212.57000732421875,209.7700042724609,212.3600006103516,54737900,AAPL,-0.0008985691376136584,2.800003051757841,204.8429977416992,205.80500030517572,0.0236590545928969,210.48434640392117,HOLD,0.0,0.8622856918646375,0.8479160557468455
2025-05-19,207.7757873535156,208.77999877929688,209.47999572753903,204.259994506836,207.9100036621093,46140500,AAPL,-0.011739069355409248,5.220001220703068,205.83199768066407,206.58600006103515,0.0211483343985056,206.1553833756673,HOLD,0.0,0.8521632603236615,0.8479160557468455
2025-05-20,205.8650360107422,206.8600006103516,208.47000122070312,205.02999877929688,207.6699981689453,42496600,AAPL,-0.009196274452395903,3.44000244140625,206.66699829101563,206.9419998168945,0.021537061811544,206.19055821458605,HOLD,0.0,0.8443265331034766,0.8479160557468455
2025-05-21,201.1179656982422,202.08999633789065,207.0399932861328,200.7100067138672,205.1699981689453,59211800,AAPL,-0.02305909435553888,6.329986572265625,207.2509979248047,206.81649932861328,0.0227649996150061,202.85081174748535,BUY,-0.02305909435553888,0.8248571279097585,0.8283638794118026
2025-05-22,200.39149475097656,201.3600006103516,202.75,199.6999969482422,200.7100067138672,46742400,AAPL,-0.003612230891026025,3.0500030517578125,207.63799743652345,206.46599960327148,0.0228285937083995,201.67586468549607,BUY,-0.003612230891026025,0.8218775535116398,0.825371637817581
2025-05-23,194.330795288086,195.2700042724609,197.6999969482422,193.4600067138672,193.6699981689453,78432900,AAPL,-0.03024432021966139,4.239990234375,207.31199798583984,205.7654998779297,0.0249562712082298,195.42111074792237,BUY,-0.03024432021966139,0.7970204256018819,0.8004088337031997
2025-05-27,199.24703979492188,200.2100067138672,200.7400054931641,197.42999267578125,198.3000030517578,56288500,AAPL,0.025298316860348224,3.310012817382841,206.25399932861328,205.2690002441406,0.0156284809233651,200.98958449231034,BUY,0.025298316860348224,0.8171837008729279,0.820657829996045
2025-05-28,199.45602416992188,200.4199981689453,202.72999572753903,199.8999938964844,200.58999633789065,45339700,AAPL,0.0010488559414427723,2.8300018310546307,205.00299987792968,204.72949981689453,0.0148939915337247,201.87088726658692,BUY,0.0010488559414427723,0.8180408088528387,0.8215185818369278
2025-05-29,198.98825073242188,199.9499969482422,203.8099975585937,198.509994506836,203.5800018310547,51396800,AAPL,-0.0023450814539321962,5.300003051757756,203.76499938964844,204.10199966430665,0.0149057348427584,200.7480473960563,BUY,-0.0023450814539321962,0.8161224365234382,0.8195920538466014
2025-05-30,199.8839263916016,200.8500061035156,201.9600067138672,196.77999877929688,199.3699951171875,70819900,AAPL,0.0045011711378339925,5.1800079345703125,202.7050003051758,203.47849960327147,0.0152645902796468,199.87637824122035,HOLD,0.0,0.8197959432796562,0.8195920538466014
2025-06-02,200.7298278808593,201.6999969482422,202.1300048828125,200.1199951171875,200.27999877929688,35423300,AAPL,0.004231968229508221,2.010009765625,201.7490005493164,203.2959991455078,0.0155030371026091,201.64242840288512,HOLD,0.0,0.8232652936662954,0.8195920538466014
2025-06-03,202.2923126220703,203.2700042724609,203.7700042724609,200.9600067138672,201.3500061035156,46381600,AAPL,0.0077838738124602624,2.8099975585937216,201.1980010986328,203.51499938964844,0.0157195007127076,202.971230980138,HOLD,0.0,0.8296734868263719,0.8195920538466014
2025-06-04,201.844467163086,202.82000732421875,206.2400054931641,202.1000061035156,202.9100036621093,43604000,AAPL,-0.0022137892398476078,4.139999389648494,200.79400177001952,203.7305000305176,0.0155460552478922,204.29227961861653,BUY,-0.0022137892398476078,0.8278367645886489,0.8177776497767312
2025-06-05,199.66500854492188,200.6300048828125,204.75,200.1499938964844,203.5,55126100,AAPL,-0.010797763348392997,4.600006103515597,200.6480026245117,203.9495002746582,0.0141051284001095,201.64758410384187,BUY,-0.010797763348392997,0.8188979791135212,0.808947480242837
2025-06-06,202.939193725586,203.9199981689453,205.6999969482422,202.0500030517578,203.0,46607700,AAPL,0.0163983113495636,3.649993896484375,200.90400238037108,204.2709999084473,0.015025221133161,204.7536999509094,BUY,0.0163983113495636,0.8323265231385532,0.822212852889304
2025-06-09,200.48106384277344,201.4499969482422,206.0,200.0200042724609,204.38999938964844,72862600,AAPL,-0.012112599268742419,5.979995727539091,201.5220016479492,204.41699981689453,0.0114571384763515,202.09398070209116,BUY,-0.012112599268742419,0.8222448855030302,0.8122537180886464
2025-06-10,201.6951904296875,202.6699981689453,204.3500061035156,200.57000732421875,200.6000061035156,54672600,AAPL,0.0060560994747325125,3.779998779296847,201.76800079345705,204.0110000610352,0.0085854786317204,203.25981059608964,BUY,0.0060560994747325125,0.8272244823222266,0.8171728074041126
2025-06-11,197.8238983154297,198.77999877929688,204.5,198.4100036621093,203.5,60989900,AAPL,-0.019193760422328232,6.089996337890653,201.6040008544922,203.30350036621093,0.0107524218618567,200.19586639592444,BUY,-0.019193760422328232,0.8113469337930492,0.8014881883151567
2025-06-12,198.24188232421875,199.1999969482422,199.67999267578125,197.3600006103516,199.0800018310547,43904600,AAPL,0.002112879422097258,2.319992065429659,201.52900085449212,202.64700012207032,0.0107722196070009,198.71971434772095,HOLD,0.0,0.8130612120336422,0.8014881883151567
2025-06-13,195.50509643554688,196.4499969482422,200.3699951171875,195.6999969482422,199.72999572753903,51447300,AAPL,-0.013805221095031128,4.6699981689453125,201.08899993896483,201.89700012207032,0.0113985305250126,197.2765692532758,BUY,-0.013805221095031128,0.8018367222377238,0.79042346667041
2025-06-16,197.46563720703125,198.4199981689453,198.69000244140625,196.5599975585937,197.3000030517578,43020700,AAPL,0.010028003315378786,2.1300048828125284,200.7610000610352,201.25500030517577,0.011895842862584,198.4352683490245,BUY,0.010028003315378786,0.8098775435467161,0.7983498358147341
2025-06-17,194.6990203857422,195.63999938964844,198.38999938964844,195.2100067138672,197.1999969482422,38856200,AAPL,-0.014010678383989505,3.17999267578125,199.9979995727539,200.59800033569337,0.0119869527480452,196.35719926544763,BUY,-0.014010678383989505,0.7985306097536676,0.787164413027223
2025-06-18,195.6344757080078,196.5800018310547,197.57000732421875,195.07000732421875,195.94000244140625,45394700,AAPL,0.004804755900321256,2.5,199.3739990234375,200.08400039672853,0.012288817416303,196.89950168927786,BUY,0.004804755900321256,0.8023673544124686,0.7909465458852384
2025-06-20,200.03321838378903,201.0,201.6999969482422,196.8600006103516,198.2400054931641,96813500,AAPL,0.022484475164182616,4.839996337890597,199.41099853515624,200.029500579834,0.0143002684356824,200.62287904706432,HOLD,0.0,0.8204081632653067,0.7909465458852384
2025-06-23,200.53082275390625,201.5,202.3000030517578,198.9600067138672,201.6300048828125,55814300,AAPL,0.0024875621890547706,3.339996337890625,199.1689987182617,200.0365005493164,0.0131913127502528,200.47755858686997,HOLD,0.0,0.8224489795918374,0.7909465458852384
2025-06-24,199.3365936279297,200.3000030517578,203.44000244140625,200.1999969482422,202.58999633789065,54064000,AAPL,-0.005955319842392948,3.2400054931640625,199.0539993286133,200.28800048828128,0.0127575033212747,201.2519698054478,BUY,-0.005955319842392948,0.8175510328643183,0.7862362062262559
2025-06-25,200.5905303955078,201.5599975585937,203.6699981689453,200.6199951171875,201.4499969482422,39525700,AAPL,0.006290536633243526,3.0500030517578125,198.94299926757813,200.3555000305176,0.0127710960892552,202.532016617594,BUY,0.006290536633243526,0.8226938675860974,0.7911820538839046
2025-06-26,200.03321838378903,201.0,202.63999938964844,199.4600067138672,201.42999267578125,50799100,AAPL,-0.002778316954637261,3.17999267578125,199.16499938964844,200.3845001220703,0.0110347777189676,200.79300428493198,HOLD,0.0,0.8204081632653069,0.7911820538839046
2025-06-27,200.1128387451172,201.0800018310547,203.22000122070312,200.0,201.88999938964844,73188600,AAPL,0.00039801905997349785,3.220001220703125,199.35299987792968,200.4410003662109,0.0110317499330378,201.44438518419244,BUY,0.00039801905997349785,0.8207347013512443,0.7914969594212594
2025-06-30,204.1831512451172,205.1699981689453,207.38999938964844,199.259994506836,202.009994506836,91912800,AAPL,0.020340144721736175,8.130004882812472,200.225,200.65699996948243,0.0112246517863143,204.60001645800443,HOLD,0.0,0.8374285639548795,0.7914969594212594
2025-07-01,206.82041931152344,207.82000732421875,210.19000244140625,206.13999938964844,206.6699981689453,78788900,AAPL,0.012916163079025322,4.0500030517578125,201.1650009155273,200.96300048828124,0.011420742439603,208.80260041656294,BUY,0.012916163079025322,0.8482449278539548,0.8017200632256971
2025-07-02,211.418197631836,212.44000244140625,213.33999633789065,208.13999938964844,208.9100036621093,67941800,AAPL,0.022230752354752248,5.199996948242216,202.84500122070312,201.4215003967285,0.010540704794013,211.94600824073504,HOLD,0.0,0.8671020507812507,0.8017200632256971
2025-07-03,212.5228576660156,213.5500030517578,214.6499938964844,211.8099975585937,212.1499938964844,34955800,AAPL,0.005225007520218483,2.839996337890682,204.54200134277343,201.95800018310547,0.0105259516138795,213.42833409090977,HOLD,0.0,0.8716326655173796,0.8017200632256971
2025-07-07,208.940185546875,209.9499969482422,216.22999572753903,208.8000030517578,212.67999267578125,50229000,AAPL,-0.016857907057220234,7.429992675781222,205.43700103759767,202.42399978637687,0.0119216316418374,211.5963950633857,BUY,-0.016857907057220234,0.8569387630540505,0.7882047409139296
2025-07-08,208.99986267089844,210.009994506836,211.42999267578125,208.4499969482422,210.1000061035156,42848900,AAPL,0.0002857707047674296,2.9799957275390625,206.28800048828128,202.72849960327147,0.0119816666129149,209.8812558287798,HOLD,0.0,0.857183651048311,0.7882047409139296
2025-07-09,210.1244506835937,211.13999938964844,211.3300018310547,207.22000122070312,209.52999877929688,48749400,AAPL,0.0053807195484483206,4.1100006103515625,207.37200012207032,203.2129997253418,0.0114369817642703,209.57067147901563,HOLD,0.0,0.8617959158761169,0.7882047409139296
2025-07-10,211.3883514404297,212.4100036621093,213.47999572753903,210.02999877929688,210.509994506836,44443600,AAPL,0.0060149866256138385,3.449996948242159,208.45700073242188,203.7,0.0114347771852444,212.3840614362694,HOLD,0.0,0.8669796067841204,0.7882047409139296
2025-07-11,210.14434814453125,211.1600036621093,212.1300048828125,209.8600006103516,210.57000732421875,39765800,AAPL,-0.005884845244805148,2.270004272460909,209.4730010986328,204.31900024414065,0.0117177936081492,210.9362062325397,HOLD,0.0,0.8618775659677939,0.7882047409139296
2025-07-14,207.6165771484375,208.6199951171875,210.9100036621093,207.5399932861328,209.92999267578125,38840100,AAPL,-0.012028833590030708,3.370010375976534,210.22700042724608,204.79000015258788,0.0128635651519769,208.78435254721498,BUY,-0.012028833590030708,0.8515101841517866,0.7787235572506026
2025-07-15,208.1042022705078,209.1100006103516,211.88999938964844,208.9199981689453,209.22000122070312,42296300,AAPL,0.0023487944810316463,2.970001220703125,210.62100067138672,205.42300033569336,0.0114699715326812,211.04914225185047,BUY,0.0023487944810316463,0.8535102065728646,0.7805526188441222
2025-07-16,209.149169921875,210.1600036621093,212.3999938964844,208.63999938964844,210.3000030517578,47490500,AAPL,0.0050212952450525705,3.759994506835966,210.8550003051758,206.0100006103516,0.0108892999361004,211.0559699870477,BUY,0.0050212952450525705,0.8577959333147327,0.7844720039976375
2025-07-17,209.0098571777344,210.0200042724609,211.8000030517578,209.58999633789065,210.57000732421875,48068100,AAPL,-0.0006661562010318312,2.210006713867159,210.61300048828124,206.7290008544922,0.0079912777825761,210.8419300014359,BUY,-0.0006661562010318312,0.8572245072345352,0.7839494231076386
2025-07-18,210.1642608642578,211.17999267578125,211.7899932861328,209.6999969482422,210.8699951171875,48974600,AAPL,0.005523228167424898,2.089996337890625,210.3759994506836,207.45900039672853,0.0080180825899913,211.07306647363464,HOLD,0.0,0.8619591537786999,0.7839494231076386
2025-07-21,211.4580078125,212.47999572753903,215.77999877929688,211.6300048828125,212.1000061035156,51377400,AAPL,0.006155900638530776,4.149993896484375,210.62899932861328,208.03300018310543,0.0060493244780346,214.42128950532793,BUY,0.006155900638530776,0.8672652886838337,0.7887753378619228
2025-07-22,213.36875915527344,214.3999938964844,214.9499969482422,212.22999572753903,213.13999938964844,46404100,AAPL,0.009036136142469342,2.7200012207031534,211.06799926757813,208.6779998779297,0.0065149166276954,214.12824197472887,HOLD,0.0,0.8751020159040188,0.7887753378619228
2025-07-23,213.1199645996093,214.1499938964844,215.1499938964844,212.4100036621093,215.0,46989300,AAPL,-0.0011660448093142595,2.739990234375057,211.3689987182617,209.37049942016603,0.0064763315517342,213.40906285053015,HOLD,0.0,0.8740816077407535,0.7887753378619228
2025-07-24,212.7318572998047,213.759994506836,215.69000244140625,213.52999877929688,213.8999938964844,46022600,AAPL,-0.0018211505989438326,2.160003662109375,211.5039978027344,209.98049926757807,0.0063331452603524,214.63818935800552,BUY,-0.0018211505989438326,0.8724897734972906,0.7873388591829434
2025-07-25,212.8512725830078,213.8800048828125,215.2400054931641,213.3999938964844,214.6999969482422,40268800,AAPL,0.0005614258002455408,1.8400115966796875,211.7759979248047,210.6244995117188,0.0059076516991295,214.2080570204802,BUY,0.0005614258002455408,0.8729796117665823,0.7877808915320247
2025-07-28,213.0204467773437,214.0500030517578,214.8500061035156,213.0599975585937,214.02999877929688,37858000,AAPL,0.0007948296477664485,1.790008544921875,212.31899871826167,211.27299957275392,0.0036567547751071,213.99293238481877,HOLD,0.0,0.87367348184391,0.7877808915320247
2025-07-29,210.2538452148437,211.2700042724609,214.8099975585937,210.82000732421875,214.17999267578125,51411700,AAPL,-0.012987613826965005,3.989990234374972,212.53499908447264,211.5779998779297,0.0061381076274453,211.9967879029847,BUY,-0.012987613826965005,0.8623265480508614,0.7775494975325445
2025-07-30,208.04449462890625,209.0500030517578,212.38999938964844,207.72000122070312,211.8999938964844,45512500,AAPL,-0.010507886476113781,4.6699981689453125,212.4239990234375,211.63949966430664,0.0069332992564132,209.42247893774348,BUY,-0.010507886476113781,0.8532653185786039,0.7693790956829133
2025-07-31,206.5716247558593,207.57000732421875,209.83999633789065,207.1600036621093,208.4900054931641,80698400,AAPL,-0.007079625476841711,2.679992675781307,212.1789993286133,211.3959999084473,0.0072394533193522,208.40448708159818,BUY,-0.007079625476841711,0.8472245196906893,0.7639321798357671
2025-08-01,201.4065856933593,202.3800048828125,213.5800018310547,201.5,210.8699951171875,104434500,AAPL,-0.025003624118486445,12.080001831054688,211.2990005493164,210.8375,0.0100167518698816,206.03588767853003,BUY,-0.025003624118486445,0.8260408362563781,0.7448311067591376
2025-08-04,202.3719177246093,203.3500061035156,207.8800048828125,201.67999267578125,204.509994506836,75109300,AAPL,0.004792969647692047,6.20001220703125,210.3860015869141,210.50750045776368,0.0098683338522787,205.5495199806982,BUY,0.004792969647692047,0.8300000249123091,0.748401059646491
2025-08-05,201.94400024414065,202.9199981689453,205.33999633789065,202.1600036621093,203.3999938964844,44155100,AAPL,-0.00211461972787641,3.179992675781307,209.2380020141601,210.15300064086915,0.0087565644027045,204.17077044579605,BUY,-0.00211461972787641,0.8282448904854915,0.7468184760013988
2025-08-06,212.2242889404297,213.25,215.3800048828125,205.58999633789065,205.6300048828125,108483100,AAPL,0.05090677076812433,9.790008544921848,209.1480026245117,210.2585006713867,0.0199360051167573,214.18777279178553,BUY,0.05090677076812433,0.8704081632653067,0.784836592964602
2025-08-07,218.9716796875,220.02999877929688,220.8500061035156,216.5800018310547,218.8800048828125,90224800,AAPL,0.03179366367782821,4.270004272460909,209.7750030517578,210.6395004272461,0.0223309753848964,219.62127624199985,HOLD,0.0,0.8980816276706001,0.784836592964602
2025-08-08,228.2468719482422,229.3500061035156,231.0,219.25,220.8300018310547,113854000,AAPL,0.04235789381413957,11.75,211.3220031738281,211.5490005493164,0.0254880997839925,227.61945155296686,HOLD,0.0,0.936122473891901,0.784836592964602
2025-08-11,226.3438873291016,227.17999267578125,229.5599975585937,224.759994506836,227.9199981689453,61806100,AAPL,-0.00946157998685615,4.800003051757756,212.63500213623047,212.47700042724608,0.025980347480928,225.7767329018118,HOLD,0.0,0.9272652762276791,0.784836592964602
2025-08-12,228.80479431152344,229.6499938964844,230.8000030517578,227.07000732421875,228.009994506836,55626200,AAPL,0.010872441677679756,3.729995727539064,214.4730010986328,213.5040000915528,0.025095860830171,228.93138781177828,HOLD,0.0,0.9373469138632021,0.784836592964602
2025-08-13,232.47125244140625,233.3300018310547,235.0,230.42999267578125,231.07000732421875,69878500,AAPL,0.01602441991019199,4.57000732421875,216.9010009765625,214.6625,0.0242323977335473,233.07464499561976,HOLD,0.0,0.9523673544124687,0.784836592964602
2025-08-14,231.9232788085937,232.77999877929688,235.1199951171875,230.8500061035156,234.0599975585937,51916300,AAPL,-0.0023571895917441354,4.269989013671903,219.4220001220703,215.8004997253418,0.0238776421887033,231.98330893110102,HOLD,0.0,0.9501224439971308,0.784836592964602
2025-08-15,230.7376403808593,231.58999633789065,234.27999877929688,229.33999633789065,234.0,56038700,AAPL,-0.005112133549474263,4.940002441406222,222.3429992675781,216.82099990844728,0.0211449333539612,230.6863858593534,HOLD,0.0,0.9452652911750645,0.784836592964602
2025-08-18,230.04022216796875,230.88999938964844,233.1199951171875,230.1100006103516,231.6999969482422,37476200,AAPL,-0.0030225698834630554,3.009994506835909,225.0969985961914,217.74150009155272,0.0216519771839585,231.31806599575043,BUY,-0.0030225698834630554,0.9424081607740759,0.7824643695152674
2025-08-19,229.71144104003903,230.5599975585937,232.8699951171875,229.3500061035156,231.27999877929688,39402600,AAPL,-0.001429259958972251,3.5199890136719034,227.86099853515623,218.5495002746582,0.0215998800439978,231.108010616113,BUY,-0.001429259958972251,0.9410612145248728,0.7813460245225968
2025-08-20,225.1782073974609,226.009994506836,230.47000122070312,225.7700042724609,229.97999572753903,42263900,AAPL,-0.01973457277905022,4.699996948242216,229.13699798583983,219.1425003051758,0.0192720010751635,227.13280554095826,BUY,-0.01973457277905022,0.9224897734972903,0.7659264945360341
2025-08-21,224.07228088378903,224.8999938964844,226.5200042724609,223.77999877929688,226.2700042724609,30621200,AAPL,-0.004911289931109786,2.740005493164034,229.6239974975586,219.6995002746582,0.0171956142104092,225.2075541715997,BUY,-0.004911289931109786,0.9179591587611613,0.7621648074554491
2025-08-22,226.92176818847656,227.759994506836,229.08999633789065,225.4100036621093,226.1699981689453,42477800,AAPL,0.012716766064778007,3.679992675781307,229.46499633789065,220.39349975585932,0.0109471334223241,228.56239008059845,BUY,0.012716766064778007,0.9296326306401475,0.7718570790146666
2025-08-25,226.323974609375,227.1600036621093,229.3000030517578,226.22999572753903,226.47999572753903,30983100,AAPL,-0.0026343118159352086,3.0700073242187784,229.46299743652344,221.04899978637687,0.0105413147858565,228.3823705696934,BUY,-0.0026343118159352086,0.9271836884167732,0.769823766791205
2025-08-26,228.466049194336,229.3099975585937,229.4900054931641,224.69000244140625,226.8699951171875,54575100,AAPL,0.009464667467088184,4.800003051757841,229.4289978027344,221.9509994506836,0.0103888920446445,228.01477103495816,HOLD,0.0,0.9359591737085463,0.769823766791205
2025-08-27,229.6417236328125,230.4900054931641,230.8999938964844,228.259994506836,228.6100006103516,31259500,AAPL,0.005145907056533394,2.639999389648437,229.1449981689453,223.02299957275392,0.0089880165129585,230.29468802431057,HOLD,0.0,0.9407755326251603,0.769823766791205
2025-08-28,231.7040863037109,232.5599975585937,233.4100036621093,229.33999633789065,230.82000732421875,38074700,AAPL,0.008980832210058631,4.070007324218693,229.122998046875,224.27249908447263,0.009523242927051,232.06490901154328,HOLD,0.0,0.9492244798309954,0.769823766791205
2025-08-29,231.2856292724609,232.13999938964844,233.3800048828125,231.3699951171875,232.509994506836,39418400,AAPL,-0.001805977697602268,2.010009765625,229.1779983520508,225.7604988098145,0.0093844929942776,232.21728097437872,BUY,-0.001805977697602268,0.9475102015904026,0.7684334822372959
2025-09-02,228.8745574951172,229.72000122070312,230.8500061035156,226.97000122070312,229.25,44075600,AAPL,-0.010424735828844955,3.880004882812472,229.06099853515624,227.07899856567383,0.0099486428078826,228.5248990468756,HOLD,0.0,0.937632658043687,0.7684334822372959
2025-09-03,237.59234619140625,238.47000122070312,238.8500061035156,234.3600006103516,237.2100067138672,66427800,AAPL,0.038089848308826335,4.490005493164006,229.8519989013672,228.8564987182617,0.0157056519118582,237.936265346407,HOLD,0.0,0.9733469437579727,0.7684334822372959
2025-09-04,238.89752197265625,239.77999877929688,239.8999938964844,236.7400054931641,238.4499969482422,47549400,AAPL,0.005493343195739575,3.1599884033203125,231.22899932861327,230.18299865722656,0.0134207975743216,238.24276110883315,HOLD,0.0,0.9786938725685594,0.7684334822372959
2025-09-05,238.807846069336,239.69000244140625,241.32000732421875,238.4900054931641,240.0,54870400,AAPL,-0.00037532879451496193,2.830001831054659,232.70800018310547,231.16599884033204,0.0130830126123198,239.53272554328822,HOLD,0.0,0.9783265405771691,0.7684334822372959
2025-09-08,237.0045166015625,237.8800048828125,240.1499938964844,236.33999633789065,239.3000030517578,48999500,AAPL,-0.007551410322323426,3.80999755859375,233.72000122070312,231.59249877929688,0.0135678801585103,237.5119179543671,HOLD,0.0,0.9709387954400517,0.7684334822372959
2025-09-09,233.48751831054688,234.3500061035156,238.77999877929688,233.3600006103516,237.0,66313900,AAPL,-0.014839409394816094,5.419998168945284,234.43900146484376,231.9509994506836,0.0147704575387408,235.21654871532112,BUY,-0.014839409394816094,0.9565306371572072,0.7570303832016926
2025-09-10,225.955322265625,226.7899932861328,232.4199981689453,225.9499969482422,232.19000244140625,83440800,AAPL,-0.03225949486019397,6.470001220703125,234.18700103759767,231.80799942016603,0.0182848451730526,227.35570986365764,BUY,-0.03225949486019397,0.9256734419842162,0.7326089654457869
2025-09-11,229.18341064453125,230.02999877929688,230.4499969482422,226.6499938964844,226.8800048828125,50208600,AAPL,0.014286368839370622,3.800003051757784,234.14100036621093,231.6429992675781,0.0188436166223113,230.12667763171535,BUY,0.014286368839370622,0.9388979542012125,0.7430752873411751
2025-09-12,233.2085418701172,234.07000732421875,234.509994506836,229.0200042724609,229.22000122070312,55824200,AAPL,0.017562963814985233,5.489990234375057,234.29200134277343,231.7074996948242,0.0194846687510879,233.59058163725476,HOLD,0.0,0.955387784996812,0.7430752873411751
2025-09-15,235.828857421875,236.6999969482422,238.19000244140625,235.02999877929688,237.0,42699500,AAPL,0.011235910376080627,3.160003662109375,234.7480010986328,231.9629997253418,0.0197245457840452,237.07479908602608,BUY,0.011235910376080627,0.9661224365234383,0.7514244146724209
2025-09-16,237.27349853515625,238.1499938964844,241.22000122070312,236.32000732421875,237.17999267578125,63421100,AAPL,0.0061258849469241206,4.899993896484375,235.5910003662109,232.3259994506836,0.0192433076518969,239.44883419121643,BUY,0.0061258849469241206,0.972040791414223,0.756027554183014
2025-09-17,238.1104431152344,238.9900054931641,240.1000061035156,237.72999572753903,238.97000122070312,46508000,AAPL,0.0035272375318422533,2.3700103759765625,235.64300079345705,232.7474998474121,0.0150405683584446,238.99293959872372,BUY,0.0035272375318422533,0.9754694101761808,0.7586942429472353
2025-09-18,237.0045166015625,237.8800048828125,241.1999969482422,236.6499938964844,239.97000122070312,44249600,AAPL,-0.0046445482440199415,4.550003051757784,235.4530014038086,233.3410003662109,0.0149947625745531,238.43069607896626,BUY,-0.0046445482440199415,0.9709387954400519,0.7551704509334067
2025-09-19,244.59646606445312,245.5,246.3000030517578,240.2100067138672,241.22999572753903,163741300,AAPL,0.03203293660995743,6.089996337890625,236.034001159668,234.37100067138672,0.018225301166682,244.743675419762,HOLD,0.0,1.0020408163265315,0.7551704509334067
2025-09-22,255.13751220703125,256.0799865722656,256.6400146484375,248.1199951171875,248.3000030517578,105517400,AAPL,0.04309566831880085,8.52001953125,237.85399932861327,235.7870002746582,0.0217947321645595,254.74977241872105,HOLD,0.0,1.0452244349888402,0.7551704509334067
2025-09-23,253.4936065673828,254.42999267578125,257.3399963378906,253.5800018310547,255.8800048828125,60275200,AAPL,-0.006443275472520216,3.7599945068359375,239.86199798583985,237.1504997253418,0.0209802095160001,254.25369550787477,HOLD,0.0,1.0384897660235979,0.7551704509334067
2025-09-24,251.3813934326172,252.3099975585937,255.7400054931641,251.0399932861328,255.22000122070312,42303700,AAPL,-0.00833233179348103,4.700012207031278,242.41399841308595,238.3004997253418,0.0167616011392837,252.12424658466043,HOLD,0.0,1.0298367247289548,0.7551704509334067
2025-09-25,255.9246063232422,256.8699951171875,257.1700134277344,251.7100067138672,253.2100067138672,55202100,AAPL,0.018072995928489988,5.460006713867188,245.097998046875,239.61949920654297,0.016890269776447,255.30903437985745,HOLD,0.0,1.0484489596619906,0.7551704509334067
2025-09-26,254.51980590820312,255.4600067138672,257.6000061035156,253.77999877929688,254.1000061035156,46076300,AAPL,-0.005489112898051984,3.82000732421875,247.23699798583985,240.76449966430664,0.0174912884332053,255.58622620452647,BUY,-0.005489112898051984,1.0426939049545607,0.7510252350709604
2025-09-29,253.4936065673828,254.42999267578125,255.0,253.009994506836,254.5599975585937,40127700,AAPL,-0.004031997224675621,1.990005493164034,249.0099975585937,241.87899932861328,0.0179274139174444,253.57475428136598,HOLD,0.0,1.0384897660235977,0.7510252350709604
2025-09-30,253.6928558349609,254.6300048828125,255.9199981689453,253.1100006103516,254.8600006103516,37704300,AAPL,0.0007861188255666729,2.8099975585937216,250.65799865722656,243.1244995117188,0.0180484097470588,254.47607174867258,HOLD,0.0,1.0393061423788272,0.7510252350709604
2025-10-01,254.5098419189453,255.4499969482422,258.7900085449219,254.92999267578125,255.0399932861328,48713900,AAPL,0.003220327729275496,3.860015869140625,252.3039978027344,243.9734992980957,0.0180549615339253,257.4769110997347,BUY,0.003220327729275496,1.042653048768336,0.7534437824608451
2025-10-02,256.1836853027344,257.1300048828125,258.17999267578125,254.1499938964844,256.5799865722656,42630200,AAPL,0.00657666061710982,4.029998779296847,254.2289978027344,244.84099960327148,0.0176059227542266,256.55866656479213,HOLD,0.0,1.0495102240114802,0.7534437824608451
2025-10-03,257.07037353515625,258.0199890136719,259.239990234375,253.9499969482422,254.6699981689453,49155600,AAPL,0.0034612223931820285,5.2899932861328125,255.4809967041016,245.75749893188475,0.0154494696851389,257.53673627361036,HOLD,0.0,1.0531428123007023,0.7534437824608451
2025-10-06,255.74526977539065,256.69000244140625,259.07000732421875,255.0500030517578,257.989990234375,44664100,AAPL,-0.005154587353288997,4.0200042724609375,255.54199829101563,246.6979988098145,0.0080003063741851,256.79841430098645,BUY,-0.005154587353288997,1.0477142956792098,0.7495600906683582
2025-10-07,255.5360717773437,256.4800109863281,257.3999938964844,255.42999267578125,256.8099975585937,31955800,AAPL,-0.0008180741481198517,1.970001220703125,255.74700012207032,247.80449905395508,0.0076669122825723,256.4840624529837,BUY,-0.0008180741481198517,1.0468571876992991,0.74894689493572
2025-10-08,257.1102294921875,258.0599975585937,258.5199890136719,256.1099853515625,256.5199890136719,36496900,AAPL,0.006160271773965942,2.410003662109375,256.32200012207034,249.3679992675781,0.0070908333314265,257.9836962999317,HOLD,0.0,1.0533061124840566,0.74894689493572
2025-10-09,253.10504150390625,254.0399932861328,258.0,253.13999938964844,257.8099975585937,38322000,AAPL,-0.015577789314471846,4.8600006103515625,256.0389999389648,250.56849899292,0.0067384039002231,254.5889486175775,BUY,-0.015577789314471846,1.0368979317801346,0.7372799579986834
2025-10-10,244.3673095703125,245.2700042724609,256.3800048828125,244.0,254.94000244140625,61999100,AAPL,-0.03452208016630676,12.3800048828125,255.0199996948242,251.12849884033204,0.0125738136502136,248.1164365102087,BUY,-0.03452208016630676,1.001102058254943,0.7118275201836416
2025-10-13,246.7485198974609,247.6600036621093,249.69000244140625,245.5599975585937,249.3800048828125,38142900,AAPL,0.009744360696440468,4.130004882812528,254.34300079345704,251.6764991760254,0.0133022930442231,248.2235099422636,BUY,0.009744360696440468,1.0108571578045282,0.7187638242939638
2025-10-14,246.85812377929688,247.7700042724609,248.8500061035156,244.6999969482422,246.6000061035156,35478000,AAPL,0.00044415977035061616,4.150009155273409,253.65700073242184,252.15749969482425,0.0132930222523467,247.43524342102359,HOLD,0.0,1.011306139887596,0.7187638242939638
2025-10-15,248.4223175048828,249.33999633789065,251.82000732421875,247.47000122070312,249.4900054931641,33893600,AAPL,0.0063364896410273985,4.350006103515625,253.0460006713867,252.6749992370605,0.0134810306367466,250.36087190028582,BUY,0.0063364896410273985,1.0177142707669011,0.7233182638209478
2025-10-16,246.539291381836,247.4499969482422,249.0399932861328,245.1300048828125,248.25,39777000,AAPL,-0.007580008893106949,3.909988403320313,252.0779998779297,253.153498840332,0.0131812019863421,246.8436489613158,HOLD,0.0,1.0099999875438461,0.7233182638209478
2025-10-17,251.36148071289065,252.2899932861328,253.3800048828125,247.2700042724609,248.0200042724609,49147000,AAPL,0.019559492412937862,6.110000610351591,251.50500030517577,253.49299850463868,0.0150152939926429,252.05950570360284,HOLD,0.0,1.0297550746372772,0.7233182638209478
2025-10-20,261.2748413085937,262.239990234375,264.3800048828125,255.6300048828125,255.88999938964844,90483000,AAPL,0.03943873008454002,8.75,252.05999908447265,253.8009986877441,0.0198607580819025,262.5771015146595,BUY,0.03943873008454002,1.0703673070790822,0.7518450175930003
2025-10-21,261.8028564453125,262.7699890136719,265.2900085449219,261.8299865722656,261.8800048828125,46695900,AAPL,0.002021044840732289,3.46002197265625,252.68899688720705,254.21799850463867,0.0198312083272101,263.5120336186293,BUY,0.002021044840732289,1.072530567402743,0.7533645300868369
2025-10-22,257.498779296875,258.45001220703125,262.8500061035156,255.42999267578125,262.6499938964844,45015300,AAPL,-0.016440145325788524,7.420013427734375,252.7279983520508,254.5249992370605,0.0206515445786391,257.3034821999804,HOLD,0.0,1.0548980090082916,0.7533645300868369
2025-10-23,258.6246032714844,259.5799865722656,260.6199951171875,258.010009765625,259.94000244140625,32754900,AAPL,0.004372119604812541,2.6099853515625,253.2819976806641,254.66049880981444,0.0198923825582791,259.0743860847531,HOLD,0.0,1.0595101492745544,0.7533645300868369
2025-10-24,261.8527526855469,262.82000732421875,264.1300048828125,259.17999267578125,261.19000244140625,38253700,AAPL,0.012481781799657865,4.95001220703125,255.03699798583983,255.028498840332,0.0152195463701453,262.1490223281493,HOLD,0.0,1.0727347237723224,0.7533645300868369
2025-10-27,267.8207092285156,268.8099975585937,269.1199951171875,264.6499938964844,264.8800048828125,44888200,AAPL,0.022791226190727487,4.470001220703125,257.15199737548824,255.74749908447265,0.0160157358632223,268.0614690300039,HOLD,0.0,1.097183663504465,0.7533645300868369
2025-10-28,268.0099792480469,269.0,269.8900146484375,268.1499938964844,268.989990234375,41534800,AAPL,0.0007068280314421749,1.740020751953125,259.2749969482422,256.465998840332,0.016001551909123,268.5858313229335,HOLD,0.0,1.0979591836734703,0.7533645300868369
2025-10-29,268.7074279785156,269.70001220703125,271.4100036621094,267.1099853515625,269.2799987792969,51086700,AAPL,0.0026022758625696696,4.300018310546875,261.3109985351563,257.17849960327146,0.0160975316315742,269.1028658231238,HOLD,0.0,1.1008163763552306,0.7533645300868369
2025-10-30,270.4011535644531,271.3999938964844,274.1400146484375,268.4800109863281,271.989990234375,69886500,AAPL,0.006303231785351748,5.660003662109375,263.7059982299805,257.8919990539551,0.0151773668312133,271.20639469154935,HOLD,0.0,1.1077550771285085,0.7533645300868369
2025-10-31,269.3749389648437,270.3699951171875,277.32000732421875,269.1600036621094,276.989990234375,86167100,AAPL,-0.0037951319176879883,8.160003662109375,265.5139984130859,258.50949935913087,0.0152343225426103,271.93686447975324,BUY,-0.0037951319176879883,1.1035510004783171,0.7505054123130503
2025-11-03,268.05975341796875,269.04998779296875,270.8500061035156,266.25,270.4200134277344,50194600,AAPL,-0.0048822256465500535,4.600006103515625,266.1949981689453,259.127498626709,0.0104643033911532,267.9728346260415,HOLD,0.0,1.098163215481506,0.7505054123130503
2025-11-04,269.0461730957031,270.0400085449219,271.489990234375,267.6199951171875,268.3299865722656,49274800,AAPL,0.003679690752169673,3.8699951171875,266.9220001220703,259.80549850463865,0.0104669683154256,270.1357688469525,BUY,0.003679690752169673,1.1022041165098861,0.753267040138192
2025-11-05,269.14581298828125,270.1400146484375,271.70001220703125,266.92999267578125,268.6099853515625,43683100,AAPL,0.00037033809935982376,4.77001953125,268.0910003662109,260.40949935913085,0.0081246128882536,269.75549014521926,HOLD,0.0,1.102612304687501,0.753267040138192
2025-11-06,268.7771301269531,269.7699890136719,273.3999938964844,267.8900146484375,267.8900146484375,51204000,AAPL,-0.001369754996301431,5.509979248046875,269.1100006103516,261.1959991455078,0.0083320000599456,271.52695313658455,BUY,-0.001369754996301431,1.1011019959741717,0.7522352488464136
2025-11-07,267.48193359375,268.4700012207031,272.2900085449219,266.7699890136719,269.79998779296875,48227400,AAPL,-0.004818874767062664,5.52001953125,269.675,262.3559989929199,0.0081435312867496,269.5653337834365,BUY,-0.004818874767062664,1.0957959233498094,0.7486103213868525
2025-11-10,268.6986083984375,269.42999267578125,273.7300109863281,267.4599914550781,268.9599914550781,41312400,AAPL,0.003575786682732396,6.27001953125,269.73699951171875,263.4444984436035,0.0038907286002532,271.4922226454829,BUY,0.003575786682732396,1.099714255819516,0.7512871922046236
2025-11-11,274.5028381347656,275.25,275.9100036621094,269.79998779296875,269.8099975585937,46208300,AAPL,0.021601185771556786,6.110015869140625,270.36199951171875,264.8184982299805,0.0078086928450214,274.81879425370505,HOLD,0.0,1.1234693877551027,0.7512871922046236
2025-11-12,272.7276306152344,273.4700012207031,275.7300109863281,271.70001220703125,275.0,48398000,AAPL,-0.006466843884820661,4.029998779296875,270.73899841308594,266.0249984741211,0.0082852336287317,273.1189125992836,HOLD,0.0,1.1162040866151155,0.7512871922046236
2025-11-13,272.2090759277344,272.95001220703125,276.70001220703125,272.0899963378906,274.1099853515625,49602800,AAPL,-0.0019014480979659965,4.610015869140625,270.8940002441406,267.29999923706055,0.008153090694077,274.38454872919283,BUY,-0.0019014480979659965,1.1140816824776794,0.7498586586019799
2025-11-14,271.6705322265625,272.4100036621094,275.9599914550781,269.6000061035156,271.04998779296875,47431300,AAPL,-0.0019784155368063328,6.3599853515625,271.09800109863284,268.3059997558594,0.0080640466232142,273.30532571705066,BUY,-0.0019784155368063328,1.1118775659677942,0.7483751265813929
2025-11-17,266.73394775390625,267.4599914550781,270.489990234375,265.7300109863281,268.82000732421875,45018300,AAPL,-0.018171183658773127,4.759979248046875,270.9390014648437,268.5669998168945,0.0099705769308205,267.4481298379311,HOLD,0.0,1.0916734345105237,0.7483751265813929
2025-11-18,266.7140197753906,267.44000244140625,270.7099914550781,265.32000732421875,269.989990234375,45677300,AAPL,-7.473646268785217e-05,5.389984130859375,270.6790008544922,268.8005004882813,0.0098638117300209,267.8729511231826,BUY,-7.473646268785217e-05,1.091591846699618,0.7483191956716687
2025-11-19,267.8309631347656,268.5599975585937,272.2099914550781,265.5,265.5299987792969,40424500,AAPL,0.004187836924032462,6.709991455078125,270.5209991455078,269.3059997558594,0.009992478565426,270.27702175538593,BUY,0.004187836924032462,1.0961632553411993,0.7514530344302648
2025-11-20,265.5272521972656,266.25,275.42999267578125,265.9200134277344,270.8299865722656,45823600,AAPL,-0.008601420835542384,9.509979248046877,270.16900024414065,269.6395004272461,0.0103155286127899,270.55321063661063,BUY,-0.008601420835542384,1.0867346938775515,0.7449894706429847
2025-11-21,270.7530212402344,271.489990234375,273.3299865722656,265.6700134277344,265.95001220703125,59030800,AAPL,0.019680714495305063,7.65997314453125,270.4709991455078,270.072999572754,0.0121278003666648,271.6250102867526,BUY,0.019680714495305063,1.1081224091198982,0.7596513957167177
2025-11-24,275.1710205078125,275.9200134277344,277.0,270.8999938964844,270.8999938964844,65585800,AAPL,0.0163174457722548,6.100006103515625,271.1200012207031,270.4285003662109,0.0130417627568533,275.490089888542,HOLD,0.0,1.1262041364397326,0.7596513957167177
2025-11-25,276.2181396484375,276.9700012207031,280.3800048828125,275.25,275.2699890136719,46914200,AAPL,0.003805406428931457,5.1300048828125,271.29200134277346,270.8270004272461,0.0112275449789967,278.43976506004174,BUY,0.003805406428931457,1.1304898009008295,0.7625421780217249
2025-11-26,276.79656982421875,277.54998779296875,279.5299987792969,276.6300048828125,276.9599914550781,33431400,AAPL,0.0020940411225383038,2.899993896484375,271.7,271.219499206543,0.0109449008133753,278.21792796401155,BUY,0.0020940411225383038,1.132857093032526,0.7641389727001723
2025-11-28,278.093017578125,278.8500061035156,279.0,275.989990234375,277.260009765625,20135600,AAPL,0.004683906927485104,3.010009765625,272.2899993896484,271.59199981689454,0.0109131754249118,277.6403857021969,HOLD,0.0,1.1381632902184315,0.7641389727001723
2025-12-01,282.3314819335937,283.1000061035156,283.4200134277344,276.1400146484375,278.010009765625,46587700,AAPL,0.015241168753721723,7.279998779296875,273.35899963378904,272.22850036621094,0.011523079989341,280.83905794489147,HOLD,0.0,1.1555102289939418,0.7641389727001723
2025-12-02,285.4131164550781,286.19000244140625,287.3999938964844,282.6300048828125,283.0,53669500,AAPL,0.010914857899228636,4.769989013671875,275.23200073242185,273.0855010986328,0.0086381222555034,285.64444558876903,HOLD,0.0,1.1681224589445158,0.7641389727001723
2025-12-03,283.378662109375,284.1499938964844,288.6199951171875,283.29998779296875,286.20001220703125,43538700,AAPL,-0.00712816145749029,5.32000732421875,276.9029998779297,273.79100036621094,0.0095082570958659,285.2750966109488,BUY,-0.00712816145749029,1.1597958934550388,0.7586920667268047
2025-12-04,279.93804931640625,280.70001220703125,284.7300109863281,278.5899963378906,284.1000061035156,43989100,AAPL,-0.012141410394363561,6.1400146484375,278.11700134277345,274.3190002441406,0.0111391714788589,280.53663937543865,HOLD,0.0,1.1457143355389037,0.7586920667268047
2025-12-05,278.02325439453125,278.7799987792969,281.1400146484375,278.04998779296875,280.5400085449219,47265800,AAPL,-0.00684009028940924,3.09002685546875,279.3700012207031,274.7695007324219,0.0109210168066362,279.1874782879813,BUY,-0.00684009028940924,1.137877546037947,0.7535025444885348
2025-12-08,277.1356506347656,277.8900146484375,279.6700134277344,276.1499938964844,278.1300048828125,38211800,AAPL,-0.00319242461710445,3.52001953125,280.0100036621094,275.2405014038086,0.0097596998427205,278.0443384600999,BUY,-0.00319242461710445,1.1342449577487252,0.7510970444164587
2025-12-09,276.4275817871094,277.17999267578125,280.0299987792969,276.9200134277344,278.1600036621094,32193300,AAPL,-0.002555046727945598,3.1099853515625,280.13600158691406,275.6280014038086,0.0085086885669468,278.7502509608727,BUY,-0.002555046727945598,1.1313469088807406,0.7491779563707529
2025-12-10,278.02325439453125,278.7799987792969,279.75,276.44000244140625,277.75,33038300,AAPL,0.00577244442526248,3.30999755859375,280.31700134277344,275.80450134277345,0.0086159567053993,278.8041232587028,BUY,0.00577244442526248,1.137877546037947,0.7535025444885348
2025-12-11,277.2752380371094,278.0299987792969,279.5899963378906,273.8099975585937,279.1000061035156,33248000,AAPL,-0.0026902934331158868,5.779998779296932,280.36500244140626,276.0325012207031,0.0086617289084982,276.4814037811245,HOLD,0.0,1.1348163215481513,0.7535025444885348
2025-12-12,277.52459716796875,278.2799987792969,279.2200012207031,276.82000732421875,277.8999938964844,39532900,AAPL,0.0008991835452922814,2.399993896484375,280.3080017089844,276.2990005493164,0.0085259741491351,278.3841766292063,BUY,0.0008991835452922814,1.1358367297114165,0.7541800815778748
2025-12-15,273.3658752441406,274.1099853515625,280.1499938964844,272.8399963378906,280.1499938964844,50409100,AAPL,-0.014984955605960026,7.30999755859375,279.40899963378905,276.3839996337891,0.0077797994591447,275.32162464494013,BUY,-0.014984955605960026,1.1188162667410722,0.742878726536531
2025-12-16,273.8645324707031,274.6099853515625,275.5,271.7900085449219,272.82000732421875,37648600,AAPL,0.0018240853187405648,3.709991455078125,278.25099792480466,276.74149932861326,0.0063471243709615,274.3837518004008,HOLD,0.0,1.1208570830676026,0.742878726536531
2025-12-17,271.10205078125,271.8399963378906,276.1600036621094,271.6400146484375,275.010009765625,50138700,AAPL,-0.010086993049891024,4.519989013671875,277.01999816894534,276.9614990234375,0.0065688748058369,273.4637720988553,BUY,-0.010086993049891024,1.1095510054607785,0.7353853139850451
2025-12-18,271.4511108398437,272.19000244140625,273.6300048828125,266.95001220703125,273.6099853515625,51630700,AAPL,0.001287544541755281,6.67999267578125,276.1689971923828,277.14299926757815,0.0061709355229117,270.03509080635,HOLD,0.0,1.1109796018016587,0.7353853139850451
2025-12-19,272.9271240234375,273.6700134277344,274.6000061035156,269.8999938964844,272.1499938964844,144632000,AAPL,0.005437418615868328,4.70001220703125,275.6579986572266,277.51399993896484,0.006544592156683,272.56498161339323,HOLD,0.0,1.117020462970345,0.7353853139850451
2025-12-22,270.2344665527344,270.9700012207031,273.8800048828125,270.510009765625,272.8599853515625,36571800,AAPL,-0.009865941003960987,3.3699951171875,274.96599731445315,277.4880004882813,0.0070219210392281,271.8087071098446,BUY,-0.009865941003960987,1.1060000049824625,0.7281300458620894
2025-12-23,271.62066650390625,272.3599853515625,272.5,269.5599975585937,270.8399963378906,29642000,AAPL,0.005129660569795913,2.940002441406307,274.48399658203124,277.3099990844727,0.00742377591931,271.60058949980316,HOLD,0.0,1.1116734095982153,0.7281300458620894
2025-12-24,273.0667419433594,273.8099975585937,275.42999267578125,272.20001220703125,272.3399963378906,17910600,AAPL,0.005323881205087977,3.22998046875,273.9869964599609,277.1519989013672,0.0073746146746292,274.5731541672036,BUY,0.005323881205087977,1.1175918267697713,0.7320065237281145
2025-12-26,272.6578063964844,273.3999938964844,275.3699951171875,272.8599853515625,274.1600036621094,21521800,AAPL,-0.0014974020881819428,2.510009765625,273.5239959716797,276.94449920654296,0.0073677664768755,274.0743524364417,BUY,-0.0014974020881819428,1.1159183424346313,0.7309104156309212
2025-12-29,273.0168762207031,273.760009765625,274.3599853515625,272.3500061035156,272.69000244140625,23715200,AAPL,0.0013168100847762432,2.009979248046875,273.0719970703125,276.68999938964845,0.0073850060517244,273.6177879443686,HOLD,0.0,1.117387794961736,0.7309104156309212
2025-12-30,272.33868408203125,273.0799865722656,274.0799865722656,272.2799987792969,272.8099975585937,22139600,AAPL,-0.0024840121606569676,1.79998779296875,272.9689971923828,276.1889984130859,0.0057458358068916,273.20062460337476,BUY,-0.0024840121606569676,1.1146121900908812,0.7290948252701431
2025-12-31,271.1220092773437,271.8599853515625,273.67999267578125,271.75,273.0599975585937,27293600,AAPL,-0.004467559984957958,1.92999267578125,272.6939971923828,275.4724975585938,0.0058238608128276,272.46806099842024,BUY,-0.004467559984957958,1.1096325932716848,0.7258375504035264
